,Rise,Stay,Fall,Avg,Aggressive,Conserva,Loss,,,Max Loss,Var,Rates,,
1 ARM,61134,46443,40161,49246,40161,61134,6476,0,0,6476,8788.60205,0,0.934733414,1.649522861
3 ARM,56901,51075,46721,51565.66667,46721,56901,2243,4632,6560,6560,4170.424865,0.53783489,1.110678204,1.572981222
30 Fix,54658,54658,54658,54658,54658,54658,0,8215,14497,14497,0,,#DIV/0!,
